{
  "total_net_worth_lakhs": 353.7436503369999,
  "equity_lakhs": 258.029508337,
  "debt_lakhs": 90.31099199999998,
  "gold_lakhs": 5.40315,
  "liquid_lakhs": 0,
  "alternate_lakhs": 0,
  "cumulative_investment_history": [
    0,
    0.8738708329999967,
    -0.44612916700000294,
    1.7573724469999974,
    2.7646895659999977,
    4.906756106999999,
    7.578944695999999,
    8.421179824000001,
    10.666090433000003,
    17.477897832999997,
    18.793271470000008,
    20.059353460000004,
    22.928000757999992,
    25.09244319699999,
    25.629859551999996,
    27.705416939999978,
    29.277344281999973,
    28.59755217199998,
    29.18492117199998,
    30.32500401999998,
    37.59484004599998,
    39.16196732599996,
    40.111853106999995,
    43.899018888000036,
    46.80361557510304,
    50.170360016103025,
    53.53710445710301,
    56.414217389103015,
    58.34313547810301,
    58.122739469103,
    60.309559285103006,
    69.382888898103,
    69.801313769103,
    71.419763825103,
    72.774227143103,
    73.90966521810302,
    76.87329048310302,
    81.72674719710302,
    80.43471560210303,
    86.14254861210303,
    88.52992895710302,
    88.91237301910303,
    91.66276307210302,
    99.05441144010301,
    102.15505792610301,
    105.92429711010301,
    106.31551339810301,
    108.153093316103,
    112.37971259410303,
    112.08731039014701,
    115.41176500610301,
    120.83244893710301,
    121.366528181103,
    122.88374090410302,
    121.660560059103,
    127.94525579610303,
    125.051435489103,
    125.29794895210301,
    128.673023096103,
    130.183644269103,
    132.008637771103,
    132.814759046103,
    134.090508671103,
    136.015495309103,
    136.54055652710298,
    137.06561394910298
  ],
  "allocation_pct": {
    "Equity": 72.9425130574595,
    "Debt": 25.530067299855048,
    "Gold": 1.5274196426854862,
    "Liquid": 0,
    "Alternate": 0
  }
}